{
    "timesteps": [
        5000,
        10000,
        15000,
        20000,
        25000,
        30000,
        35000,
        40000,
        45000,
        50000,
        55000,
        60000,
        65000,
        70000,
        75000,
        80000,
        85000,
        90000,
        95000,
        100000
    ],
    "mean": [
        196.6407485723744,
        184.34387216249024,
        215.48522032886757,
        207.51291443356808,
        239.5596869563179,
        354.86436651782105,
        334.95983952378515,
        368.0761290300547,
        356.0973148078039,
        342.2327676292102,
        370.77913515979503,
        357.5672666918973,
        357.3271584728137,
        394.75635676763284,
        511.05365892933344,
        477.0739136880335,
        467.73053979023354,
        445.2890804590227,
        442.6051726823359,
        382.2671369727826
    ],
    "std": [
        30.89718673184682,
        56.340321075083835,
        47.64316203923722,
        48.50132083640857,
        52.128294807030194,
        35.97903452965302,
        38.10159119249284,
        41.58731036288447,
        28.69931624006505,
        20.080619886917688,
        21.118425325081173,
        24.403096437916858,
        22.385247515057866,
        27.325532377668456,
        64.36045794799588,
        57.32940816281028,
        49.97638600163209,
        38.43102153652178,
        47.47937530454074,
        32.76062790493439
    ],
    "features": [
        27.0,
        23.5,
        23.4,
        23.4,
        23.3,
        23.6,
        23.4,
        23.4,
        23.5,
        23.0,
        22.9,
        22.6,
        22.4,
        22.1,
        22.4,
        22.0,
        22.1,
        22.4,
        22.5,
        22.7
    ]
}