{
    "timesteps": [
        5000,
        10000,
        15000,
        20000,
        25000,
        30000,
        35000,
        40000,
        45000,
        50000,
        55000,
        60000,
        65000,
        70000,
        75000,
        80000,
        85000,
        90000,
        95000,
        100000
    ],
    "mean": [
        219.09219421859993,
        258.6915357167804,
        232.10732745607933,
        312.8601386002129,
        317.1614421699935,
        313.0268249967754,
        354.5650078086099,
        309.9386504090182,
        349.17738193517795,
        398.207431838099,
        417.6048537870873,
        397.7237122116944,
        396.1709765870006,
        378.5848258794625,
        411.2286621709644,
        389.2488353110916,
        396.9647986326359,
        391.94452715449546,
        396.9895408687488,
        418.90147674554646
    ],
    "std": [
        31.36768351534051,
        73.85999582760633,
        65.34736354213763,
        40.19073250067406,
        27.79520239446852,
        37.05177243689809,
        30.624874437995253,
        27.320782302755884,
        15.416470341351618,
        26.587601532120452,
        22.572839607349838,
        20.515650596751794,
        16.927510660270862,
        22.614824117904693,
        16.3172287628316,
        12.840485274618068,
        24.712140409562934,
        17.42787683405332,
        13.609658275717745,
        33.154912933999306
    ],
    "features": [
        27.0,
        27.0,
        27.0,
        27.0,
        27.0,
        27.0,
        27.0,
        27.0,
        27.0,
        27.0,
        27.0,
        27.0,
        27.0,
        27.0,
        27.0,
        27.0,
        27.0,
        27.0,
        27.0,
        27.0
    ]
}