{
    "timesteps": [
        5000,
        10000,
        15000,
        20000,
        25000,
        30000,
        35000,
        40000,
        45000,
        50000,
        55000,
        60000,
        65000,
        70000,
        75000,
        80000,
        85000,
        90000,
        95000,
        100000
    ],
    "mean": [
        80.97597505966961,
        154.77316165300437,
        264.9790641212547,
        298.06369091549817,
        390.5322705620432,
        416.2583384262659,
        430.6818696525661,
        448.786661608941,
        405.3304637900047,
        411.3725523612199,
        415.94275545230573,
        417.5313936286011,
        506.23885986462835,
        607.2916093444221,
        596.4846288863471,
        544.4482211111796,
        617.2508721029442,
        725.6604964927026,
        713.215561705031,
        845.4778701295587
    ],
    "std": [
        19.67723043665938,
        15.652734734373789,
        87.81727315983748,
        36.66435829985607,
        63.83229988039171,
        60.85887585232638,
        61.09744149428952,
        66.62122362247139,
        47.19619586281529,
        40.6633162692556,
        48.2810586370332,
        42.749944693789864,
        80.26168103570637,
        161.34847895613763,
        123.19510227383832,
        61.731695532699696,
        66.00224406837872,
        91.76492189985943,
        109.8378159120777,
        127.07725734417551
    ],
    "features": [
        21.0,
        17.9,
        18.2,
        18.4,
        18.0,
        18.2,
        18.2,
        18.3,
        18.2,
        17.9,
        17.8,
        18.0,
        18.0,
        17.7,
        17.8,
        17.3,
        17.9,
        18.0,
        17.7,
        17.8
    ]
}