{
    "timesteps": [
        5000,
        10000,
        15000,
        20000,
        25000,
        30000,
        35000,
        40000,
        45000,
        50000,
        55000,
        60000,
        65000,
        70000,
        75000,
        80000,
        85000,
        90000,
        95000,
        100000
    ],
    "mean": [
        167.4325373170762,
        218.68198761942625,
        278.7021401694795,
        296.5477040320794,
        382.1831326075627,
        331.4382798761761,
        318.3772178047011,
        365.71954537933266,
        366.49223576830894,
        407.80410702913554,
        412.4144207450839,
        409.63317733053316,
        402.6728702560923,
        415.12559607615265,
        409.7600013167527,
        414.78924351912957,
        442.26759992230984,
        415.09195182861794,
        450.70346527730123,
        434.2495713348502
    ],
    "std": [
        25.717096663252267,
        45.98449216564625,
        31.454859478947554,
        27.04892477516427,
        49.810340659093264,
        26.85004464894923,
        18.656476022013422,
        31.395631765130794,
        20.929959552999183,
        36.29701770094162,
        49.225765882433556,
        33.269588607951434,
        24.60960035524995,
        25.259948020552226,
        22.986769179503817,
        23.89545073169024,
        34.909795982269806,
        27.722756384146663,
        32.572318283595266,
        21.9373113904055
    ],
    "features": [
        27.0,
        27.0,
        27.0,
        27.0,
        27.0,
        27.0,
        27.0,
        27.0,
        27.0,
        27.0,
        27.0,
        27.0,
        27.0,
        27.0,
        27.0,
        27.0,
        27.0,
        27.0,
        27.0,
        27.0
    ]
}