{
    "timesteps": [
        5000,
        10000,
        15000,
        20000,
        25000,
        30000,
        35000,
        40000,
        45000,
        50000,
        55000,
        60000,
        65000,
        70000,
        75000,
        80000,
        85000,
        90000,
        95000,
        100000
    ],
    "mean": [
        217.48804013632716,
        133.52514211261837,
        232.35494911837932,
        300.12600523924124,
        179.98648905360682,
        389.1711606688669,
        386.00678859833016,
        359.74084023270456,
        426.275402559374,
        317.15573850636054,
        381.8854731478374,
        482.88467799205375,
        442.8642179571487,
        422.2870632500615,
        411.5503458375559,
        416.2884605703621,
        511.9061769852219,
        370.92037354424434,
        445.24028690527064,
        441.9910573350292
    ],
    "std": [
        31.512926778344767,
        30.759118263472374,
        40.20492276275037,
        53.15340831938195,
        32.70727537319189,
        59.26669857048169,
        35.403661222854474,
        32.86574819463109,
        64.7779516622591,
        32.922734942386015,
        34.94746202180237,
        45.27018936523912,
        29.896966308759385,
        34.800236332727714,
        25.08101050017994,
        24.359631855567937,
        54.07019894063575,
        23.374946545853053,
        41.49763794949585,
        44.02446155574116
    ],
    "features": [
        27.0,
        23.2,
        22.9,
        22.9,
        22.4,
        22.5,
        22.3,
        22.7,
        22.8,
        22.2,
        21.7,
        21.9,
        22.4,
        23.1,
        22.6,
        22.6,
        22.8,
        22.5,
        22.5,
        22.9
    ]
}