{
    "timesteps": [
        5000,
        10000,
        15000,
        20000,
        25000,
        30000,
        35000,
        40000,
        45000,
        50000,
        55000,
        60000,
        65000,
        70000,
        75000,
        80000,
        85000,
        90000,
        95000,
        100000
    ],
    "mean": [
        179.15265807884083,
        385.4503413718798,
        235.23042909178344,
        304.1289855709544,
        303.0839928609354,
        322.1024792575677,
        369.9649668607361,
        402.0404236181603,
        390.3347686780866,
        380.59890492032724,
        421.29368457059627,
        405.821971425837,
        412.5868502568686,
        459.00295574388053,
        389.58808879225796,
        513.4825322543832,
        425.02205410911273,
        487.19066977570384,
        428.83655179285813,
        453.4289381660942
    ],
    "std": [
        31.70500101336466,
        60.87054171910661,
        50.136474683645794,
        43.231204258157696,
        21.052177332630286,
        20.967149307594227,
        27.980609244009138,
        40.738908101325244,
        20.258746870483908,
        22.090595869253715,
        21.894782796144685,
        23.140213709979882,
        23.03565326349113,
        41.481680451028716,
        21.9922352901106,
        58.279583879390344,
        14.537227995359437,
        33.30282448389411,
        20.261422215227817,
        26.116668295759094
    ],
    "features": [
        27.0,
        27.0,
        27.0,
        27.0,
        27.0,
        27.0,
        27.0,
        27.0,
        27.0,
        27.0,
        27.0,
        27.0,
        27.0,
        27.0,
        27.0,
        27.0,
        27.0,
        27.0,
        27.0,
        27.0
    ]
}