{
    "timesteps": [
        5000,
        10000,
        15000,
        20000,
        25000,
        30000,
        35000,
        40000,
        45000,
        50000,
        55000,
        60000,
        65000,
        70000,
        75000,
        80000,
        85000,
        90000,
        95000,
        100000
    ],
    "mean": [
        -130.8461430530946,
        -181.62442169383246,
        -108.30447089884376,
        87.56395147731772,
        226.4486589510068,
        508.2796409364968,
        738.4671335616471,
        998.6544797673296,
        1494.2828221345167,
        2216.8556518240543,
        2527.7232394698995,
        2748.6866066825955,
        3224.051754315554,
        3435.8028149461047,
        3819.9693080059747,
        4058.183549309358,
        4408.635125959152,
        4571.793490263053,
        4734.891294223676,
        4967.1898667171035
    ],
    "std": [
        19.143622718205897,
        49.096273755899894,
        33.74656501098572,
        41.33715569986282,
        74.54127310135041,
        167.3827134327086,
        255.94755099494023,
        217.10444844854885,
        263.65166226341785,
        315.3715979507015,
        331.6430256728333,
        340.8589806278704,
        281.9892722641269,
        248.89408173003363,
        207.81834299047267,
        202.7620152272136,
        164.35314020985254,
        160.6439858248368,
        175.06191345665212,
        149.969390153248
    ],
    "features": [
        27.0,
        20.2,
        20.9,
        21.9,
        22.9,
        21.4,
        22.4,
        21.5,
        22.8,
        23.4,
        23.6,
        23.4,
        23.9,
        23.7,
        24.2,
        23.6,
        23.5,
        23.6,
        23.3,
        23.3
    ]
}