{
    "timesteps": [
        5000,
        10000,
        15000,
        20000,
        25000,
        30000,
        35000,
        40000,
        45000,
        50000,
        55000,
        60000,
        65000,
        70000,
        75000,
        80000,
        85000,
        90000,
        95000,
        100000
    ],
    "mean": [
        77.24279955113253,
        165.67944539987639,
        366.34324118684594,
        360.0011823076851,
        453.8094914065804,
        513.304030221942,
        374.340314184945,
        375.58856535135953,
        371.4311926647978,
        407.1583273408319,
        408.3651993964826,
        463.1639783693389,
        474.72960393481935,
        506.06942037027454,
        553.7386350804803,
        730.2758654635744,
        638.0007205337945,
        706.6643185237149,
        935.2728198422928,
        840.9298460271348
    ],
    "std": [
        20.159901402209126,
        13.692152453517544,
        90.95808438500195,
        43.47827570313417,
        78.3929382492896,
        91.52793617026363,
        49.24803178839171,
        30.557774541435137,
        27.473636624135743,
        39.10867951825582,
        39.2000532485395,
        53.606794387774386,
        45.66968153209994,
        48.61978220158425,
        70.33455847107528,
        189.31752697504194,
        100.96550848396923,
        114.98592989756996,
        232.25099899031306,
        174.33141691990934
    ],
    "features": [
        21.0,
        18.3,
        18.4,
        18.7,
        18.5,
        18.3,
        18.6,
        18.4,
        18.4,
        18.2,
        18.3,
        17.8,
        17.8,
        17.5,
        17.8,
        17.6,
        17.2,
        17.2,
        17.0,
        17.2
    ]
}