{
    "timesteps": [
        5000,
        10000,
        15000,
        20000,
        25000,
        30000,
        35000,
        40000,
        45000,
        50000,
        55000,
        60000,
        65000,
        70000,
        75000,
        80000,
        85000,
        90000,
        95000,
        100000
    ],
    "mean": [
        -135.17898730654824,
        -178.05508459868847,
        -112.0087580964408,
        36.58962172063233,
        147.83354621124545,
        334.9186420646414,
        458.0190988992757,
        562.5578639403263,
        660.0660061455623,
        772.2536527538216,
        1117.1352643731445,
        1254.335383690486,
        1488.6039841903387,
        1850.611202935667,
        1842.5865622175152,
        1973.378704327421,
        1869.4040092001865,
        2459.2996360187954,
        2527.074928265151,
        2650.3158953270445
    ],
    "std": [
        21.657958649498514,
        50.12376225141525,
        30.997402978164104,
        58.79038064444145,
        56.84712516191755,
        97.50842052192493,
        173.66479180750093,
        227.96525440716445,
        292.0095356135786,
        291.1618582107465,
        329.2855234049329,
        350.89728379263147,
        395.0328118367066,
        459.333567025377,
        463.99030023395505,
        501.86056407692416,
        502.21747944207686,
        587.5163519887269,
        601.3448527336811,
        588.7059086330029
    ],
    "features": [
        27.0,
        20.2,
        20.6,
        20.6,
        21.2,
        21.1,
        21.8,
        21.8,
        22.1,
        22.1,
        22.1,
        22.2,
        22.8,
        22.8,
        23.1,
        23.2,
        23.2,
        23.1,
        22.9,
        22.8
    ]
}