{
    "timesteps": [
        5000,
        10000,
        15000,
        20000,
        25000,
        30000,
        35000,
        40000,
        45000,
        50000,
        55000,
        60000,
        65000,
        70000,
        75000,
        80000,
        85000,
        90000,
        95000,
        100000
    ],
    "mean": [
        -112.95187038281176,
        -270.6486308257438,
        -79.27884977525609,
        52.25819408083148,
        114.54121970955418,
        204.27241430351373,
        305.02217220526,
        256.0461646080976,
        353.010598388563,
        469.2417496367436,
        567.1109530037779,
        648.4033358683286,
        647.1216490875605,
        580.6791108622338,
        791.2790497658574,
        818.357980258409,
        1315.821891388264,
        1512.3104982860075,
        1492.801886221438,
        1422.8822868959003
    ],
    "std": [
        19.75851799129122,
        49.93630066914887,
        15.140380482406279,
        44.006966703777614,
        36.68831520812528,
        63.242982550445724,
        76.18690090487216,
        105.36420833210157,
        115.82519664064547,
        154.58402139529048,
        191.1152152846515,
        229.9863993702523,
        226.38931563909247,
        238.8142430353923,
        275.4627623207072,
        268.51494307039627,
        296.5440676281541,
        341.9687107270403,
        285.23911129373914,
        290.2092941693009
    ],
    "features": [
        27.0,
        27.0,
        27.0,
        27.0,
        27.0,
        27.0,
        27.0,
        27.0,
        27.0,
        27.0,
        27.0,
        27.0,
        27.0,
        27.0,
        27.0,
        27.0,
        27.0,
        27.0,
        27.0,
        27.0
    ]
}