{
    "timesteps": [
        5000,
        10000,
        15000,
        20000,
        25000,
        30000,
        35000,
        40000,
        45000,
        50000,
        55000,
        60000,
        65000,
        70000,
        75000,
        80000,
        85000,
        90000,
        95000,
        100000
    ],
    "mean": [
        -128.42886917250343,
        -272.9570614788029,
        -60.83613006566568,
        11.924338684738851,
        48.71364537910802,
        177.05563645304656,
        180.52040522066,
        211.61873836305597,
        187.9880301408208,
        259.095845883889,
        206.06490880773217,
        167.77241349765643,
        173.36868199690548,
        294.77893292865974,
        458.20218911285673,
        467.246091732233,
        731.9754402519616,
        946.4035090713329,
        1020.203355021421,
        934.6786202075881
    ],
    "std": [
        57.559852470002205,
        185.32190155126156,
        26.47587887789532,
        120.3555407443265,
        55.001240072586235,
        205.1155148497529,
        211.11436230181334,
        343.02107763235983,
        257.92733143044507,
        356.9580532219031,
        223.34607282365508,
        123.05739262928216,
        147.42127333809972,
        268.4692382310361,
        435.1829818486727,
        254.34902572904497,
        310.39231396338045,
        444.9413904453498,
        397.7441035189712,
        292.5417700554287
    ],
    "features": [
        27.0,
        27.0,
        27.0,
        27.0,
        27.0,
        27.0,
        27.0,
        27.0,
        27.0,
        27.0,
        27.0,
        27.0,
        27.0,
        27.0,
        27.0,
        27.0,
        27.0,
        27.0,
        27.0,
        27.0
    ]
}