{
    "timesteps": [
        5000,
        10000,
        15000,
        20000,
        25000,
        30000,
        35000,
        40000,
        45000,
        50000,
        55000,
        60000,
        65000,
        70000,
        75000,
        80000,
        85000,
        90000,
        95000,
        100000
    ],
    "mean": [
        -136.60241826728588,
        -102.39514490286619,
        -26.00223257331613,
        157.98023350806903,
        194.09782707821466,
        241.00051311555612,
        322.1665065121764,
        430.2353168372894,
        398.28313689677293,
        722.8916437755117,
        808.5368881774576,
        1187.643481004322,
        1274.7785279321386,
        1350.8756905243288,
        1582.7279338117658,
        1825.9326612292946,
        2000.460162035662,
        2095.893115254373,
        2170.658679475809,
        2354.501511699461
    ],
    "std": [
        21.460217558393406,
        30.346671619953394,
        39.688620129860794,
        72.31723966787915,
        56.494295619072794,
        79.077785292208,
        92.33527431776011,
        104.70622528615615,
        99.32947277634302,
        171.86327307772507,
        238.8351841101803,
        352.24249735162095,
        383.28442896430386,
        405.807353415881,
        488.763394565552,
        485.0398090832539,
        494.4368069737568,
        529.6219097130786,
        488.4247747653395,
        549.6514881017954
    ],
    "features": [
        27.0,
        19.4,
        19.7,
        19.8,
        20.2,
        20.1,
        20.3,
        20.6,
        20.6,
        20.8,
        21.2,
        21.3,
        21.4,
        21.4,
        21.3,
        21.6,
        21.8,
        21.9,
        21.8,
        21.9
    ]
}