{
    "timesteps": [
        5000,
        10000,
        15000,
        20000,
        25000,
        30000,
        35000,
        40000,
        45000,
        50000,
        55000,
        60000,
        65000,
        70000,
        75000,
        80000,
        85000,
        90000,
        95000,
        100000
    ],
    "mean": [
        -137.4841191983124,
        -198.51041870051415,
        -109.42469785502283,
        -19.312419554399717,
        152.61277821603622,
        330.813591574107,
        216.8790679122519,
        306.7130962577408,
        305.3706853502978,
        428.80619688190654,
        911.5323335302261,
        1219.803736806838,
        1403.7862556820235,
        1761.4740310673885,
        1749.8367815822514,
        1850.0192028647652,
        2163.6532104584608,
        2495.808680036002,
        2600.4940379743434,
        2968.766359234944
    ],
    "std": [
        82.36013720993907,
        195.5906228544336,
        65.24701224908547,
        77.44985252020064,
        177.79175131978323,
        227.09775002735404,
        192.6026924798711,
        262.8486757382199,
        333.763444899975,
        353.49245303457974,
        659.4286732490823,
        941.6088026383408,
        933.7434005136903,
        1123.027313703727,
        1034.491631167978,
        1265.8464382090635,
        1311.4658054411216,
        1412.7161699268788,
        1480.2391172775447,
        1559.5764036961862
    ],
    "features": [
        27.0,
        20.666666666666668,
        21.0,
        20.833333333333332,
        21.166666666666668,
        20.833333333333332,
        21.666666666666668,
        21.5,
        22.0,
        21.833333333333332,
        21.666666666666668,
        21.833333333333332,
        22.833333333333332,
        22.666666666666668,
        23.166666666666668,
        23.166666666666668,
        23.5,
        23.166666666666668,
        23.0,
        22.833333333333332
    ]
}