{
    "timesteps": [
        5000,
        10000,
        15000,
        20000,
        25000,
        30000,
        35000,
        40000,
        45000,
        50000,
        55000,
        60000,
        65000,
        70000,
        75000,
        80000,
        85000,
        90000,
        95000,
        100000
    ],
    "mean": [
        -115.89644149474684,
        -255.07835402985265,
        -60.47515056981563,
        -20.82234312824124,
        101.89155957907167,
        99.76645641905885,
        198.84100253204124,
        188.52936629775232,
        124.96513547590557,
        57.994369657797684,
        146.760955426652,
        242.2234837469541,
        387.84840699753676,
        309.9939262886512,
        320.9900261221621,
        433.63564908705877,
        740.3841924615936,
        844.2933844750368,
        973.073275286696,
        1160.914654543805
    ],
    "std": [
        51.421122694121266,
        179.1908619684662,
        42.86873685311488,
        59.557818185771055,
        50.96580637084614,
        120.09708281444078,
        248.24025109940686,
        145.51861428610357,
        216.89066221504035,
        30.692526855486065,
        154.995252393897,
        216.36868963909276,
        477.37668958024346,
        245.077842759972,
        250.90330823096923,
        211.72336468544134,
        436.93957302394057,
        235.90622442190184,
        357.6742978810407,
        763.2794704849633
    ],
    "features": [
        27.0,
        27.0,
        27.0,
        27.0,
        27.0,
        27.0,
        27.0,
        27.0,
        27.0,
        27.0,
        27.0,
        27.0,
        27.0,
        27.0,
        27.0,
        27.0,
        27.0,
        27.0,
        27.0,
        27.0
    ]
}