{
    "timesteps": [
        5000,
        10000,
        15000,
        20000,
        25000,
        30000,
        35000,
        40000,
        45000,
        50000,
        55000,
        60000,
        65000,
        70000,
        75000,
        80000,
        85000,
        90000,
        95000,
        100000
    ],
    "mean": [
        -133.0563107852879,
        -237.72878683507255,
        -48.82616952349451,
        23.312484178409075,
        180.04637119049187,
        197.45326791226393,
        286.1039380405682,
        327.5410749310894,
        364.52734644274915,
        260.77883142149983,
        280.07900203425936,
        469.3548575962042,
        719.1327139453682,
        698.6440934500139,
        905.5665212725523,
        953.6189039019573,
        1389.5898269468605,
        1458.818382253086,
        1555.818120100501,
        1812.528658487009
    ],
    "std": [
        21.202380923692687,
        50.362820396016836,
        29.685137598434864,
        59.25015954673618,
        38.46583232026514,
        70.30424928136092,
        75.65289914784847,
        93.8812903891126,
        159.71428182628947,
        107.26730932765746,
        76.58346247888336,
        161.25341238835406,
        222.30510384893051,
        254.75982077400167,
        292.9701418975187,
        244.6608240172276,
        309.5905771222634,
        295.8765404733128,
        279.44943281640985,
        335.4122174561877
    ],
    "features": [
        27.0,
        27.0,
        27.0,
        27.0,
        27.0,
        27.0,
        27.0,
        27.0,
        27.0,
        27.0,
        27.0,
        27.0,
        27.0,
        27.0,
        27.0,
        27.0,
        27.0,
        27.0,
        27.0,
        27.0
    ]
}