{
    "timesteps": [
        5000,
        10000,
        15000,
        20000,
        25000,
        30000,
        35000,
        40000,
        45000,
        50000,
        55000,
        60000,
        65000,
        70000,
        75000,
        80000,
        85000,
        90000,
        95000,
        100000
    ],
    "mean": [
        -128.65542848205226,
        -283.0104362257072,
        -75.43579024407695,
        20.827908603618667,
        181.22471499719788,
        128.54263677443285,
        226.65811030022073,
        244.77432398995856,
        167.6737845571822,
        368.8962636676579,
        352.94476840763485,
        371.0408742826507,
        521.6102920265442,
        705.7617007657446,
        900.5609939194574,
        1012.6946662228174,
        1237.7139957658144,
        1484.8382778906143,
        1565.6470162925327,
        1527.0914507025689
    ],
    "std": [
        79.94828822590499,
        151.86085632183656,
        43.15836071257368,
        102.1576072792588,
        184.21353106525345,
        135.97366157201427,
        246.35766634900952,
        337.584688393345,
        172.6240862181106,
        386.1076167015268,
        305.32153003390806,
        308.3212939383469,
        441.93572948631436,
        491.10357868891816,
        677.8549478093412,
        721.5697262149682,
        762.786258683361,
        779.622675679923,
        771.2419339975012,
        680.5285496483286
    ],
    "features": [
        27.0,
        27.0,
        27.0,
        27.0,
        27.0,
        27.0,
        27.0,
        27.0,
        27.0,
        27.0,
        27.0,
        27.0,
        27.0,
        27.0,
        27.0,
        27.0,
        27.0,
        27.0,
        27.0,
        27.0
    ]
}