{
    "timesteps": [
        5000,
        10000,
        15000,
        20000,
        25000,
        30000,
        35000,
        40000,
        45000,
        50000,
        55000,
        60000,
        65000,
        70000,
        75000,
        80000,
        85000,
        90000,
        95000,
        100000
    ],
    "mean": [
        -130.5088600265261,
        -239.84754629914906,
        -70.28108429310154,
        51.47290982161595,
        160.8734236016065,
        170.68536091108643,
        264.427778408806,
        245.71081380651032,
        318.6517691402425,
        463.1928045400094,
        434.2788629816995,
        495.1617685546222,
        656.4772625575432,
        804.2553236914705,
        966.3675196037688,
        1162.464843414494,
        1417.4864862018821,
        1672.8917164891711,
        1637.297772282394,
        1732.424649250685
    ],
    "std": [
        19.963159400971634,
        47.7491193287669,
        18.40633464480271,
        45.454421503214675,
        50.75164439592265,
        47.38374881897555,
        78.27126345756007,
        88.20762804696881,
        106.93956464829493,
        156.63836689610116,
        141.33025216408407,
        183.27164558958532,
        200.9498358120122,
        243.52013534541433,
        266.33167580276853,
        275.6929390655673,
        285.2749311009835,
        288.563080990063,
        262.37562045857015,
        250.8738569891515
    ],
    "features": [
        27.0,
        27.0,
        27.0,
        27.0,
        27.0,
        27.0,
        27.0,
        27.0,
        27.0,
        27.0,
        27.0,
        27.0,
        27.0,
        27.0,
        27.0,
        27.0,
        27.0,
        27.0,
        27.0,
        27.0
    ]
}