{
    "evaluations": [
        30.52098036536588,
        -210.72034856431316,
        -50.71942665861865,
        146.37456092984857,
        242.50667549186701,
        28.63861870206988,
        15.089692631198272,
        143.6763830270721,
        92.5080469527815,
        552.4596350959683,
        174.25320094660506,
        787.4840577000283,
        113.10146010085103,
        270.02773775419524,
        557.5991418878336,
        706.4424239610265,
        509.8556797744265,
        1199.9114190567518,
        1246.16269508234,
        1151.6377974387742
    ],
    "active_features": [
        27,
        22,
        22,
        22,
        22,
        22,
        22,
        22,
        22,
        22,
        22,
        22,
        22,
        22,
        22,
        22,
        22,
        22,
        22,
        22
    ],
    "wall_clock_time": 718.7417325973511
}