{
    "timesteps": [
        5000,
        10000,
        15000,
        20000,
        25000,
        30000,
        35000,
        40000,
        45000,
        50000,
        55000,
        60000,
        65000,
        70000,
        75000,
        80000,
        85000,
        90000,
        95000,
        100000
    ],
    "mean": [
        69.07000312353723,
        102.86619743150668,
        374.9790796420975,
        393.505438791745,
        313.003993902105,
        370.0426998361539,
        463.1379496965251,
        477.79057841847964,
        367.62369416151466,
        382.28926129147305,
        421.4524015022051,
        450.5753467738306,
        514.3296650584101,
        540.5781709618104,
        545.0433960912104,
        639.820563037573,
        676.1047036521479,
        787.9320410959264,
        681.1110297039845,
        919.4008615943121
    ],
    "std": [
        19.4809046553965,
        20.47745068983029,
        104.07530782590533,
        58.2201565522791,
        13.317182525132623,
        59.263073212452106,
        81.57880693683447,
        81.13021426969712,
        28.077184935487995,
        40.7472437819195,
        43.00156453597895,
        48.744488085745054,
        61.48006162683044,
        68.08013148565705,
        72.24096738437274,
        125.15624708651991,
        91.9796865582863,
        130.9693656792459,
        96.87847148075275,
        195.8796339276281
    ],
    "features": [
        21.0,
        21.0,
        21.0,
        21.0,
        21.0,
        21.0,
        21.0,
        21.0,
        21.0,
        21.0,
        21.0,
        21.0,
        21.0,
        21.0,
        21.0,
        21.0,
        21.0,
        21.0,
        21.0,
        21.0
    ]
}