{
    "timesteps": [
        5000,
        10000,
        15000,
        20000,
        25000,
        30000,
        35000,
        40000,
        45000,
        50000,
        55000,
        60000,
        65000,
        70000,
        75000,
        80000,
        85000,
        90000,
        95000,
        100000
    ],
    "mean": [
        77.13950339045671,
        124.69276990906728,
        388.6482222111913,
        320.87582274843237,
        387.8654186385992,
        527.1831131898009,
        437.03417167351563,
        362.80720981725534,
        330.7034697416308,
        338.2753787183258,
        340.37976290749066,
        381.573242967207,
        426.7015155960961,
        428.9450592882229,
        478.10262788993975,
        492.7043806059122,
        544.7641180928457,
        580.3149104875778,
        582.9035687614585,
        622.5703446508538
    ],
    "std": [
        20.127870208896397,
        15.481370400840404,
        96.18738815737512,
        27.631198486159274,
        73.11912018818514,
        84.54294916000939,
        65.79678034399453,
        32.983501181180976,
        9.028819369295967,
        5.444250149982445,
        6.534370308470981,
        28.15955513449044,
        40.38278327988711,
        37.13120146199064,
        43.20904536067012,
        46.115620958660756,
        61.327182088798786,
        68.86858833646545,
        82.68948130714543,
        92.7847542152373
    ],
    "features": [
        21.0,
        21.0,
        21.0,
        21.0,
        21.0,
        21.0,
        21.0,
        21.0,
        21.0,
        21.0,
        21.0,
        21.0,
        21.0,
        21.0,
        21.0,
        21.0,
        21.0,
        21.0,
        21.0,
        21.0
    ]
}