{
    "timesteps": [
        5000,
        10000,
        15000,
        20000,
        25000,
        30000,
        35000,
        40000,
        45000,
        50000,
        55000,
        60000,
        65000,
        70000,
        75000,
        80000,
        85000,
        90000,
        95000,
        100000
    ],
    "mean": [
        70.30649498912024,
        117.30510369419525,
        216.2864850642331,
        382.19148371975683,
        394.2764703786917,
        380.4372407684083,
        335.1434404656876,
        463.1748322873706,
        346.0408892445269,
        357.49612594311964,
        363.2774790699483,
        372.11825641461365,
        397.95354145868043,
        506.9758458346149,
        588.9997190305058,
        705.7146671950285,
        656.0348875252889,
        570.564492395579,
        679.19963874346,
        633.10382316855
    ],
    "std": [
        19.705978752461036,
        19.481901932309878,
        90.50479703354175,
        53.3392965899635,
        64.70249582917917,
        66.88371770496703,
        22.589214644425564,
        96.26348990957815,
        16.397286091426192,
        30.903818393286375,
        39.21751984001816,
        38.46952382284552,
        39.55857713340838,
        67.66344290013366,
        76.96262292248147,
        142.77380106469388,
        75.57788995589112,
        60.798760378758864,
        78.89373560842715,
        64.07352283114567
    ],
    "features": [
        21.0,
        21.0,
        21.0,
        21.0,
        21.0,
        21.0,
        21.0,
        21.0,
        21.0,
        21.0,
        21.0,
        21.0,
        21.0,
        21.0,
        21.0,
        21.0,
        21.0,
        21.0,
        21.0,
        21.0
    ]
}