{
    "timesteps": [
        5000,
        10000,
        15000,
        20000,
        25000,
        30000,
        35000,
        40000,
        45000,
        50000,
        55000,
        60000,
        65000,
        70000,
        75000,
        80000,
        85000,
        90000,
        95000,
        100000
    ],
    "mean": [
        218.38514304237552,
        247.20819761241847,
        274.66818095013684,
        350.9006491421618,
        331.95646868720985,
        297.27445267896485,
        372.2673390356405,
        392.6840490730201,
        334.54045182084667,
        369.3663971314002,
        348.4400450199103,
        406.9976493789116,
        406.44976531626696,
        462.5759013488695,
        406.52210479557186,
        381.1380424911007,
        410.1721300134153,
        401.77150662774164,
        454.505869616279,
        457.9477174604276
    ],
    "std": [
        35.74520532948406,
        70.98837481735642,
        52.164480908851836,
        84.26723764394285,
        35.781034438743596,
        15.911036991608572,
        43.269650546461115,
        39.96510928139646,
        30.888900199225212,
        29.53658582837775,
        39.33446970514985,
        28.57943190614555,
        43.9578764138034,
        25.828951234156225,
        35.93045957209725,
        36.64703153118893,
        42.223730972277046,
        36.21326714919766,
        30.897653276149914,
        20.429948643410775
    ],
    "features": [
        27.0,
        23.0,
        21.8,
        23.3,
        22.9,
        23.5,
        23.3,
        21.7,
        22.1,
        22.5,
        22.4,
        21.9,
        22.2,
        23.7,
        22.0,
        22.3,
        22.5,
        23.0,
        23.3,
        23.2
    ]
}