{
    "timesteps": [
        5000,
        10000,
        15000,
        20000,
        25000,
        30000,
        35000,
        40000,
        45000,
        50000,
        55000,
        60000,
        65000,
        70000,
        75000,
        80000,
        85000,
        90000,
        95000,
        100000
    ],
    "mean": [
        76.78517192173717,
        168.13823451997104,
        303.4423436335403,
        414.4693253021584,
        356.3277061362059,
        446.67083749013443,
        405.74551195569404,
        440.6995305986434,
        356.428887646944,
        386.8132265814838,
        399.45821699661974,
        402.32774217734527,
        504.4092928741472,
        537.5932416129282,
        526.9225866524177,
        640.5524549528383,
        739.0252779117434,
        788.4533073971958,
        746.613583772257,
        815.4748786248745
    ],
    "std": [
        20.235772188770163,
        10.699217784918545,
        22.594608714141696,
        83.19798185662916,
        27.784582197323434,
        62.10088303774142,
        66.77095969395268,
        66.56161894730603,
        18.34276279121577,
        25.060644615502635,
        36.08222815146769,
        37.748746684120306,
        111.98529905095512,
        107.51445295837125,
        110.63169186293625,
        138.2754699940704,
        207.6411866955051,
        192.4928861588153,
        187.06402459224333,
        136.79879361620954
    ],
    "features": [
        21.0,
        18.5,
        18.2,
        18.4,
        18.0,
        18.0,
        17.7,
        18.2,
        17.9,
        18.2,
        17.8,
        18.1,
        17.6,
        18.6,
        17.8,
        17.5,
        17.5,
        18.4,
        17.4,
        18.0
    ]
}