{
    "timesteps": [
        5000,
        10000,
        15000,
        20000,
        25000,
        30000,
        35000,
        40000,
        45000,
        50000,
        55000,
        60000,
        65000,
        70000,
        75000,
        80000,
        85000,
        90000,
        95000,
        100000
    ],
    "mean": [
        -158.2572589570954,
        -270.0023482072828,
        -50.62776936741675,
        115.05549433690771,
        422.7368975697697,
        568.9191290837441,
        777.8969864919225,
        1009.4901444065135,
        1298.3104483602879,
        2209.8269568728856,
        2518.9763991371747,
        2841.6195429858262,
        3235.106727656411,
        3671.4813832264467,
        3939.748418505901,
        4223.846576744497,
        4377.770681727995,
        4507.901894031578,
        4979.863818845983,
        5197.932019453408
    ],
    "std": [
        33.61218015680776,
        56.1506823368681,
        56.19817045030312,
        51.45368261241521,
        138.73170926195658,
        147.8640992545145,
        163.28053217217433,
        202.47196642504926,
        250.1338814658506,
        216.51772828972886,
        299.8747111648268,
        292.1429751399764,
        271.3068326923825,
        193.11863533599146,
        183.35312843789433,
        246.0201065046575,
        198.68164678459874,
        201.55424160367505,
        174.35468414099518,
        207.83734812253493
    ],
    "features": [
        27.0,
        20.4,
        21.6,
        21.3,
        23.0,
        22.8,
        23.1,
        22.6,
        22.4,
        23.0,
        22.2,
        22.3,
        22.9,
        22.3,
        23.3,
        22.5,
        22.8,
        22.2,
        23.6,
        23.3
    ]
}